codigo;sitio;ano;transecto
ISPMAC-011107-DT-I-15-1-F;Arroyo del Cartelón;2007;1
ISPMAC-011107-DT-I-15-2-F;Arroyo del Cartelón;2007;2
ISPMAC-011107-DT-I-15-3-F;Arroyo del Cartelón;2007;3
ISPMAC-011107-FP-I-15-1-F;Arroyo del Cartelón;2007;4
ISPMAC-011107-FP-I-15-2-F;Arroyo del Cartelón;2007;5
ISPMAC-011107-FP-I-15-3-F;Arroyo del Cartelón;2007;6
ISPMAC-011107-JG-D-20-1-F;Arroyo del Cartelón;2007;7
ISPMAC-011107-JG-D-20-2-F;Arroyo del Cartelón;2007;8
ISPMAC-011107-JG-D-20-3-F;Arroyo del Cartelón;2007;9
ISPMAC-011107-JT-D-20-1-F;Arroyo del Cartelón;2007;10
ISPMAC-011107-JT-D-20-2-F;Arroyo del Cartelón;2007;11
ISPMAC-011107-JT-D-20-3-F;Arroyo del Cartelón;2007;12
ISPMAC-011107-NB-I-15-1-F;Arroyo del Cartelón;2007;13
ISPMAC-011107-NB-I-15-2-F;Arroyo del Cartelón;2007;14
ISPMAC-011107-NB-I-15-3-F;Arroyo del Cartelón;2007;15
ISPMAC-011107-RS-D-20-1-F;Arroyo del Cartelón;2007;16
ISPMAC-011107-RS-D-20-2-F;Arroyo del Cartelón;2007;17
ISPMAC-011107-RS-D-20-3-F;Arroyo del Cartelón;2007;18
ISPMAC-011107-SD-D-20-1-F;Arroyo del Cartelón;2007;19
ISPMAC-011107-SD-D-20-2-F;Arroyo del Cartelón;2007;20
ISPMAC-011107-SD-D-20-3-F;Arroyo del Cartelón;2007;21
ISPMAC-011107-UB-I-20-1-F;Arroyo del Cartelón;2007;22
ISPMAC-011107-UB-I-20-2-F;Arroyo del Cartelón;2007;23
ISPMAC-011107-UB-I-20-3-F;Arroyo del Cartelón;2007;24
ISPMCR-291007-FP-I-15-1-F;Cueva de la Reserva;2007;1
ISPMCR-291007-JG-D-10-1-F;Cueva de la Reserva;2007;2
ISPMCR-291007-JG-D-10-2-F;Cueva de la Reserva;2007;3
ISPMCR-291007-JG-D-10-3-F;Cueva de la Reserva;2007;4
ISPMCR-291007-JT-D-10-2-F;Cueva de la Reserva;2007;5
ISPMCR-291007-NB-I-15-1-F;Cueva de la Reserva;2007;6
ISPMCR-291007-RS-I-15-2-F;Cueva de la Reserva;2007;7
ISPMCR-291007-SD-D-10-1-F;Cueva de la Reserva;2007;8
ISPMCR-291007-SD-D-10-3-F;Cueva de la Reserva;2007;9
ISPMCR-291007-ST-D-10-2-F;Cueva de la Reserva;2007;10
ISPMCR-291007-UB-I-10-2-F;Cueva de la Reserva;2007;11
ISPMLV-301007-FP-D-20-1-F;La Ventana;2007;1
ISPMLV-301007-FP-D-20-2-F;La Ventana;2007;2
ISPMLV-301007-FP-D-20-3-F;La Ventana;2007;3
ISPMLV-301007-JG-I-10-1-F;La Ventana;2007;4
ISPMLV-301007-JT-I-20-1-F;La Ventana;2007;5
ISPMLV-301007-NB-D-5-1-F;La Ventana;2007;6
ISPMLV-301007-NB-D-5-2-F;La Ventana;2007;7
ISPMLV-301007-NB-D-5-3-F;La Ventana;2007;8
ISPMLV-301007-RS-I-10-2-F;La Ventana;2007;9
ISPMLV-301007-SD-I-10-1-F;La Ventana;2007;10
ISPMLM-021107-DT-D-15-1-F;Los Morritos;2007;1
ISPMLM-021107-DT-D-15-2-F;Los Morritos;2007;2
ISPMLM-021107-DT-D-15-3-F;Los Morritos;2007;3
ISPMLM-021107-FP-D-15-1-F;Los Morritos;2007;4
ISPMLM-021107-FP-D-15-2-F;Los Morritos;2007;5
ISPMLM-021107-FP-D-15-3-F;Los Morritos;2007;6
ISPMLM-021107-JG-I-10-1-F;Los Morritos;2007;7
ISPMLM-021107-JG-I-10-2-F;Los Morritos;2007;8
ISPMLM-021107-JG-I-10-3-F;Los Morritos;2007;9
ISPMLM-021107-JT-I-10-1-F;Los Morritos;2007;10
ISPMLM-021107-JT-I-10-2-F;Los Morritos;2007;11
ISPMLM-021107-JT-I-10-3-F;Los Morritos;2007;12
ISPMLM-021107-NB-D-10-1-F;Los Morritos;2007;13
ISPMLM-021107-NB-D-10-2-F;Los Morritos;2007;14
ISPMLM-021107-NB-D-10-3-F;Los Morritos;2007;15
ISPMLM-021107-RS-I-10-1-F;Los Morritos;2007;16
ISPMLM-021107-RS-I-10-2-F;Los Morritos;2007;17
ISPMLM-021107-RS-I-10-3-F;Los Morritos;2007;18
ISPMLM-021107-SD-I-10-1-F;Los Morritos;2007;19
ISPMLM-021107-SD-I-10-2-F;Los Morritos;2007;20
ISPMLM-021107-SD-I-10-3-F;Los Morritos;2007;21
ISPMLM-021107-UB-D-15-1-F;Los Morritos;2007;22
ISPMPR-311007-DT-I-20-1-F;Punta Rabijunco;2007;1
ISPMPR-311007-DT-I-20-2-F;Punta Rabijunco;2007;2
ISPMPR-311007-JG-D-20-1-F;Punta Rabijunco;2007;3
ISPMPR-311007-JG-D-20-3-F;Punta Rabijunco;2007;4
ISPMPR-311007-JT-D-20-2-F;Punta Rabijunco;2007;5
ISPMPR-311007-RS-D-20-2-F;Punta Rabijunco;2007;6
ISPMPR-311007-SD-D-20-1-F;Punta Rabijunco;2007;7
ISPMPR-311007-SD-D-20-2-M;Punta Rabijunco;2007;8
ISPMPR-311007-UB-I-20-1-F;Punta Rabijunco;2007;9
ISPMAC-191008-DT-D-5-1-F;Arroyo del Cartelón;2008;1
ISPMAC-191008-DT-D-5-2-F;Arroyo del Cartelón;2008;2
ISPMAC-191008-DT-D-5-3-F;Arroyo del Cartelón;2008;3
ISPMAC-191008-FP-I-10-1-F;Arroyo del Cartelón;2008;4
ISPMAC-191008-FP-I-10-2-F;Arroyo del Cartelón;2008;5
ISPMAC-191008-FP-I-10-3-F;Arroyo del Cartelón;2008;6
ISPMAC-191008-JT-I-5-1-F;Arroyo del Cartelón;2008;7
ISPMAC-191008-JT-I-5-2-F;Arroyo del Cartelón;2008;8
ISPMAC-191008-JT-I-5-3-F;Arroyo del Cartelón;2008;9
ISPMAC-191008-LE-D-20-1-F;Arroyo del Cartelón;2008;10
ISPMAC-191008-LE-D-20-2-F;Arroyo del Cartelón;2008;11
ISPMAC-191008-LE-D-20-3-F;Arroyo del Cartelón;2008;12
ISPMAC-191008-MR-I-20-1-F;Arroyo del Cartelón;2008;13
ISPMAC-191008-MR-I-20-2-F;Arroyo del Cartelón;2008;14
ISPMAC-191008-MR-I-20-3-F;Arroyo del Cartelón;2008;15
ISPMAC-191008-RS-D-10-1-F;Arroyo del Cartelón;2008;16
ISPMAC-191008-RS-D-10-2-F;Arroyo del Cartelón;2008;17
ISPMAC-191008-RS-D-10-3-F;Arroyo del Cartelón;2008;18
ISPMAC-191008-SD-I-15-1-F;Arroyo del Cartelón;2008;19
ISPMAC-191008-SD-I-15-2-F;Arroyo del Cartelón;2008;20
ISPMAC-191008-SD-I-15-3-F;Arroyo del Cartelón;2008;21
ISPMAC-191008-UB-D-15-1-F;Arroyo del Cartelón;2008;22
ISPMAC-191008-UB-D-15-2-F;Arroyo del Cartelón;2008;23
ISPMAC-191008-UB-D-15-3-F;Arroyo del Cartelón;2008;24
ISPMBB-011108-LE-D-20-1-F;Barra Baya;2008;1
ISPMBB-011108-LE-D-20-2-F;Barra Baya;2008;2
ISPMBB-011108-LE-D-20-3-F;Barra Baya;2008;3
ISPMBB-011108-SD-I-15-1-F;Barra Baya;2008;4
ISPMBB-011108-SD-I-15-2-F;Barra Baya;2008;5
ISPMBB-011108-SD-I-15-3-F;Barra Baya;2008;6
ISPMBB-201008-DT-D-5-1-F;Barra Baya;2008;7
ISPMBB-201008-DT-D-5-2-F;Barra Baya;2008;8
ISPMBB-201008-DT-D-5-3-F;Barra Baya;2008;9
ISPMBB-201008-JT-I-5-1-F;Barra Baya;2008;10
ISPMBB-201008-JT-I-5-2-F;Barra Baya;2008;11
ISPMBB-201008-JT-I-5-3-F;Barra Baya;2008;12
ISPMBB-201008-LE-D-10-1-F;Barra Baya;2008;13
ISPMBB-201008-LE-D-10-2-F;Barra Baya;2008;14
ISPMBB-201008-LE-D-10-3-F;Barra Baya;2008;15
ISPMBB-201008-MR-I-10-1-F;Barra Baya;2008;16
ISPMBB-201008-MR-I-10-2-F;Barra Baya;2008;17
ISPMBB-201008-MR-I-10-3-F;Barra Baya;2008;18
ISPMBB-201008-NB-D-15-1-M;Barra Baya;2008;19
ISPMBB-201008-NB-D-15-2-M;Barra Baya;2008;20
ISPMBB-201008-NB-D-15-3-M;Barra Baya;2008;21
ISPMBB-201008-SD-I-20-1-F;Barra Baya;2008;22
ISPMBB-201008-SD-I-20-2-F;Barra Baya;2008;23
ISPMBB-201008-SD-I-20-3-F;Barra Baya;2008;24
ISPMCR-211008-DT-D-10-1-F;Cueva de la Reserva;2008;1
ISPMCR-211008-DT-D-10-2-F;Cueva de la Reserva;2008;2
ISPMCR-211008-DT-D-10-3-F;Cueva de la Reserva;2008;3
ISPMCR-211008-JT-I-10-1-F;Cueva de la Reserva;2008;4
ISPMCR-211008-JT-I-10-2-F;Cueva de la Reserva;2008;5
ISPMCR-211008-JT-I-10-3-F;Cueva de la Reserva;2008;6
ISPMCR-211008-LE-D-15-1-F;Cueva de la Reserva;2008;7
ISPMCR-211008-LE-D-15-2-F;Cueva de la Reserva;2008;8
ISPMCR-211008-LE-D-15-3-F;Cueva de la Reserva;2008;9
ISPMCR-211008-MR-I-15-1-F;Cueva de la Reserva;2008;10
ISPMCR-211008-MR-I-15-2-F;Cueva de la Reserva;2008;11
ISPMCR-211008-MR-I-15-3-F;Cueva de la Reserva;2008;12
ISPMCR-211008-RS-D-5-1-F;Cueva de la Reserva;2008;13
ISPMCR-211008-RS-D-5-2-F;Cueva de la Reserva;2008;14
ISPMCR-211008-RS-D-5-3-F;Cueva de la Reserva;2008;15
ISPMCR-211008-RS-I-5-1-F;Cueva de la Reserva;2008;16
ISPMCR-211008-RS-I-5-2-F;Cueva de la Reserva;2008;17
ISPMCR-211008-RS-I-5-3-F;Cueva de la Reserva;2008;18
ISPMCR-211008-SD-I-20-1-F;Cueva de la Reserva;2008;19
ISPMCR-211008-SD-I-20-2-F;Cueva de la Reserva;2008;20
ISPMCR-211008-SD-I-20-3-F;Cueva de la Reserva;2008;21
ISPMCR-211008-UB-D-15-1-F;Cueva de la Reserva;2008;22
ISPMCR-211008-UB-D-15-2-F;Cueva de la Reserva;2008;23
ISPMCR-211008-UB-D-15-3-F;Cueva de la Reserva;2008;24
ISPMCB-311008-DT-I-10-3-F;Cueva del Biólogo;2008;1
ISPMCB-311008-LE-D-20-1-F;Cueva del Biólogo;2008;2
ISPMCB-311008-LE-D-20-2-F;Cueva del Biólogo;2008;3
ISPMCB-311008-LE-D-20-3-F;Cueva del Biólogo;2008;4
ISPMCB-311008-MR-I-20-1-F;Cueva del Biólogo;2008;5
ISPMCB-311008-MR-I-20-2-F;Cueva del Biólogo;2008;6
ISPMCB-311008-MR-I-20-3-F;Cueva del Biólogo;2008;7
ISPMCB-311008-NB-D-5-1-F;Cueva del Biólogo;2008;8
ISPMCB-311008-NB-D-5-2-F;Cueva del Biólogo;2008;9
ISPMCB-311008-NB-D-5-3-F;Cueva del Biólogo;2008;10
ISPMCB-311008-NB-I-5-1-F;Cueva del Biólogo;2008;11
ISPMCB-311008-NB-I-5-2-F;Cueva del Biólogo;2008;12
ISPMCB-311008-NB-I-5-3-F;Cueva del Biólogo;2008;13
ISPMCB-311008-RS-D-10-1-F;Cueva del Biólogo;2008;14
ISPMCB-311008-RS-D-10-2-F;Cueva del Biólogo;2008;15
ISPMCB-311008-RS-D-15-1-F;Cueva del Biólogo;2008;16
ISPMCB-311008-RS-D-15-2-F;Cueva del Biólogo;2008;17
ISPMCB-311008-RS-D-15-3-F;Cueva del Biólogo;2008;18
ISPMCB-311008-SD-I-10-1-F;Cueva del Biólogo;2008;19
ISPMCB-311008-SD-I-10-2-F;Cueva del Biólogo;2008;20
ISPMCB-311008-SD-I-15-1-F;Cueva del Biólogo;2008;21
ISPMCB-311008-SD-I-15-2-F;Cueva del Biólogo;2008;22
ISPMCB-311008-SD-I-15-3-F;Cueva del Biólogo;2008;23
ISPMCB-311008-UB-D-10-3-F;Cueva del Biólogo;2008;24
ISPMLM-021108-DT-I-10-1-F;Los Morritos;2008;1
ISPMLM-021108-JT-D-20-1-F;Los Morritos;2008;2
ISPMLM-021108-JT-D-20-2-F;Los Morritos;2008;3
ISPMLM-021108-JT-D-20-3-F;Los Morritos;2008;4
ISPMLM-021108-MR-I-20-1-F;Los Morritos;2008;5
ISPMLM-021108-MR-I-20-2-F;Los Morritos;2008;6
ISPMLM-021108-RS-D-10-1-F;Los Morritos;2008;7
ISPMLM-021108-RS-D-10-2-F;Los Morritos;2008;8
ISPMLM-021108-RS-D-15-1-F;Los Morritos;2008;9
ISPMLM-021108-RS-D-15-2-F;Los Morritos;2008;10
ISPMLM-021108-RS-D-15-3-F;Los Morritos;2008;11
ISPMLM-021108-SD-I-10-1-F;Los Morritos;2008;12
ISPMLM-021108-SD-I-10-2-F;Los Morritos;2008;13
ISPMLM-021108-SD-I-15-1-F;Los Morritos;2008;14
ISPMLM-021108-SD-I-15-2-F;Los Morritos;2008;15
ISPMLM-021108-SD-I-15-3-F;Los Morritos;2008;16
ISPMLM-021108-UB-D-10-1-F;Los Morritos;2008;17
ISPMLM-021108-UB-D-5-1-F;Los Morritos;2008;18
ISPMLM-021108-UB-D-5-2-F;Los Morritos;2008;19
ISPMLM-021108-UB-D-5-3-F;Los Morritos;2008;20
ISPMLM-021108-UB-I-5-1-F;Los Morritos;2008;21
ISPMLM-021108-UB-I-5-2-F;Los Morritos;2008;22
ISPMLM-021108-UB-I-5-3-F;Los Morritos;2008;23
ISPMPR-181008-DT-D-5-1-F;Punta Rabijunco;2008;1
ISPMPR-181008-DT-D-5-2-F;Punta Rabijunco;2008;2
ISPMPR-181008-DT-D-5-3-F;Punta Rabijunco;2008;3
ISPMPR-181008-DT-I-5-1-F;Punta Rabijunco;2008;4
ISPMPR-181008-FP-I-10-1-F;Punta Rabijunco;2008;5
ISPMPR-181008-FP-I-10-2-F;Punta Rabijunco;2008;6
ISPMPR-181008-FP-I-10-3-F;Punta Rabijunco;2008;7
ISPMPR-181008-JT-I-20-1-F;Punta Rabijunco;2008;8
ISPMPR-181008-JT-I-20-2-F;Punta Rabijunco;2008;9
ISPMPR-181008-JT-I-20-3-F;Punta Rabijunco;2008;10
ISPMPR-181008-LE-D-20-1-F;Punta Rabijunco;2008;11
ISPMPR-181008-LE-D-20-2-F;Punta Rabijunco;2008;12
ISPMPR-181008-LE-D-20-3-F;Punta Rabijunco;2008;13
ISPMPR-181008-MR-I-5-1-F;Punta Rabijunco;2008;14
ISPMPR-181008-MR-I-5-2-F;Punta Rabijunco;2008;15
ISPMPR-181008-NB-D-15-1-F;Punta Rabijunco;2008;16
ISPMPR-181008-NB-D-15-2-F;Punta Rabijunco;2008;17
ISPMPR-181008-NB-D-15-3-F;Punta Rabijunco;2008;18
ISPMPR-181008-RS-D-10-1-F;Punta Rabijunco;2008;19
ISPMPR-181008-RS-D-10-2-F;Punta Rabijunco;2008;20
ISPMPR-181008-RS-D-10-3-F;Punta Rabijunco;2008;21
ISPMPR-181008-SD-I-15-1-F;Punta Rabijunco;2008;22
ISPMPR-181008-SD-I-15-2-F;Punta Rabijunco;2008;23
ISPMPR-181008-SD-I-15-3-F;Punta Rabijunco;2008;24
ISPMAC-021109-LE-D-20-1-F;Arroyo del Cartelón;2009;1
ISPMAC-021109-LE-D-20-2-F;Arroyo del Cartelón;2009;2
ISPMAC-021109-LE-D-20-3-F;Arroyo del Cartelón;2009;3
ISPMAC-021109-MR-I-20-1-F;Arroyo del Cartelón;2009;4
ISPMAC-021109-MR-I-20-2-F;Arroyo del Cartelón;2009;5
ISPMAC-021109-MR-I-20-3-F;Arroyo del Cartelón;2009;6
ISPMAC-021109-RS-D-15-1-F;Arroyo del Cartelón;2009;7
ISPMAC-021109-RS-D-15-2-F;Arroyo del Cartelón;2009;8
ISPMAC-021109-RS-D-15-3-F;Arroyo del Cartelón;2009;9
ISPMAC-021109-SD-I-10-1-M;Arroyo del Cartelón;2009;10
ISPMAC-021109-SD-I-10-2-M;Arroyo del Cartelón;2009;11
ISPMAC-021109-SD-I-10-3-M;Arroyo del Cartelón;2009;12
ISPMAC-021109-UB-D-10-1-F;Arroyo del Cartelón;2009;13
ISPMAC-021109-UB-D-10-2-F;Arroyo del Cartelón;2009;14
ISPMAC-021109-UB-D-10-3-F;Arroyo del Cartelón;2009;15
ISPMAC-131109-MR-I-15-1-F;Arroyo del Cartelón;2009;16
ISPMAC-131109-MR-I-15-2-F;Arroyo del Cartelón;2009;17
ISPMAC-131109-MR-I-15-3-F;Arroyo del Cartelón;2009;18
ISPMAC-131109-SD-D-5-1-F;Arroyo del Cartelón;2009;19
ISPMAC-131109-SD-D-5-2-F;Arroyo del Cartelón;2009;20
ISPMAC-131109-SD-D-5-3-F;Arroyo del Cartelón;2009;21
ISPMAC-131109-SD-I-5-1-F;Arroyo del Cartelón;2009;22
ISPMAC-131109-SD-I-5-2-F;Arroyo del Cartelón;2009;23
ISPMAC-131109-SD-I-5-3-F;Arroyo del Cartelón;2009;24
ISPMBB-031109-DT-I-20-1-F;Barra Baya;2009;1
ISPMBB-031109-DT-I-20-2-F;Barra Baya;2009;2
ISPMBB-031109-DT-I-20-3-F;Barra Baya;2009;3
ISPMBB-031109-FP-I-5-1-F;Barra Baya;2009;4
ISPMBB-031109-FP-I-5-2-F;Barra Baya;2009;5
ISPMBB-031109-FP-I-5-3-F;Barra Baya;2009;6
ISPMBB-031109-JT-D-20-1-F;Barra Baya;2009;7
ISPMBB-031109-JT-D-20-3-F;Barra Baya;2009;8
ISPMBB-031109-LE-D-20-2-F;Barra Baya;2009;9
ISPMBB-031109-MR-I-10-1-F;Barra Baya;2009;10
ISPMBB-031109-MR-I-10-2-F;Barra Baya;2009;11
ISPMBB-031109-NB-D-15-1-F;Barra Baya;2009;12
ISPMBB-031109-NB-D-15-2-F;Barra Baya;2009;13
ISPMBB-031109-NB-D-15-3-F;Barra Baya;2009;14
ISPMBB-031109-RS-D-10-1-F;Barra Baya;2009;15
ISPMBB-031109-RS-D-10-2-F;Barra Baya;2009;16
ISPMBB-031109-RS-D-10-3-F;Barra Baya;2009;17
ISPMBB-031109-RS-D-5-1-F;Barra Baya;2009;18
ISPMBB-031109-RS-D-5-2-F;Barra Baya;2009;19
ISPMBB-031109-RS-D-5-3-F;Barra Baya;2009;20
ISPMBB-031109-SD-I-15-1-F;Barra Baya;2009;21
ISPMBB-031109-SD-I-15-2-F;Barra Baya;2009;22
ISPMBB-031109-SD-I-15-3-F;Barra Baya;2009;23
ISPMBB-031109-UB-I-10-3-F;Barra Baya;2009;24
ISPMCR-121109-FP-I-5-1-F;Cueva de la Reserva;2009;1
ISPMCR-121109-FP-I-5-2-F;Cueva de la Reserva;2009;2
ISPMCR-121109-FP-I-5-3-F;Cueva de la Reserva;2009;3
ISPMCR-121109-JT-D-20-1-F;Cueva de la Reserva;2009;4
ISPMCR-121109-JT-D-20-2-F;Cueva de la Reserva;2009;5
ISPMCR-121109-JT-D-20-3-F;Cueva de la Reserva;2009;6
ISPMCR-121109-MR-I-20-1-F;Cueva de la Reserva;2009;7
ISPMCR-121109-MR-I-20-2-F;Cueva de la Reserva;2009;8
ISPMCR-121109-MR-I-20-3-F;Cueva de la Reserva;2009;9
ISPMCR-121109-NB-D-10-1-F;Cueva de la Reserva;2009;10
ISPMCR-121109-NB-D-10-2-F;Cueva de la Reserva;2009;11
ISPMCR-121109-NB-D-10-3-F;Cueva de la Reserva;2009;12
ISPMCR-121109-RS-D-15-1-F;Cueva de la Reserva;2009;13
ISPMCR-121109-RS-D-15-2-F;Cueva de la Reserva;2009;14
ISPMCR-121109-RS-D-15-3-F;Cueva de la Reserva;2009;15
ISPMCR-121109-RS-I-10-1-F;Cueva de la Reserva;2009;16
ISPMCR-121109-RS-I-10-2-F;Cueva de la Reserva;2009;17
ISPMCR-121109-RS-I-10-3-F;Cueva de la Reserva;2009;18
ISPMCR-121109-SD-I-15-1-F;Cueva de la Reserva;2009;19
ISPMCR-121109-SD-I-15-2-F;Cueva de la Reserva;2009;20
ISPMCR-121109-SD-I-15-3-F;Cueva de la Reserva;2009;21
ISPMCR-121109-UB-D-5-1-F;Cueva de la Reserva;2009;22
ISPMCR-121109-UB-D-5-2-F;Cueva de la Reserva;2009;23
ISPMCR-121109-UB-D-5-3-F;Cueva de la Reserva;2009;24
ISPMCB-051109-DT-I-10-1-F;Cueva del Biólogo;2009;1
ISPMCB-051109-DT-I-10-2-F;Cueva del Biólogo;2009;2
ISPMCB-051109-LE-D-15-1-F;Cueva del Biólogo;2009;3
ISPMCB-051109-LE-D-15-2-F;Cueva del Biólogo;2009;4
ISPMCB-051109-LE-D-15-3-F;Cueva del Biólogo;2009;5
ISPMCB-051109-LE-I-10-1-F;Cueva del Biólogo;2009;6
ISPMCB-051109-MR-I-20-1-F;Cueva del Biólogo;2009;7
ISPMCB-051109-MR-I-20-2-F;Cueva del Biólogo;2009;8
ISPMCB-051109-MR-I-20-3-F;Cueva del Biólogo;2009;9
ISPMCB-051109-NB-D-20-1-F;Cueva del Biólogo;2009;10
ISPMCB-051109-NB-D-20-2-F;Cueva del Biólogo;2009;11
ISPMCB-051109-NB-D-20-3-F;Cueva del Biólogo;2009;12
ISPMCB-051109-RS-D-10-1-F;Cueva del Biólogo;2009;13
ISPMCB-051109-RS-D-10-2-F;Cueva del Biólogo;2009;14
ISPMCB-051109-RS-D-10-3-F;Cueva del Biólogo;2009;15
ISPMCB-051109-RS-D-5-1-F;Cueva del Biólogo;2009;16
ISPMCB-051109-RS-D-5-2-F;Cueva del Biólogo;2009;17
ISPMCB-051109-RS-D-5-3-F;Cueva del Biólogo;2009;18
ISPMCB-051109-SD-I-15-1-F;Cueva del Biólogo;2009;19
ISPMCB-051109-SD-I-15-2-F;Cueva del Biólogo;2009;20
ISPMCB-051109-SD-I-15-3-F;Cueva del Biólogo;2009;21
ISPMCB-051109-SD-I-5-1-F;Cueva del Biólogo;2009;22
ISPMCB-051109-SD-I-5-2-F;Cueva del Biólogo;2009;23
ISPMCB-051109-SD-I-5-3-F;Cueva del Biólogo;2009;24
ISPMLM-121109-DT-I-10-1-F;Los Morritos;2009;1
ISPMLM-121109-JT-I-10-1-F;Los Morritos;2009;2
ISPMLM-121109-JT-I-10-2-F;Los Morritos;2009;3
ISPMLM-121109-LE-D-20-1-F;Los Morritos;2009;4
ISPMLM-121109-LE-D-20-2-F;Los Morritos;2009;5
ISPMLM-121109-LE-D-20-3-F;Los Morritos;2009;6
ISPMLM-121109-MR-I-20-1-F;Los Morritos;2009;7
ISPMLM-121109-MR-I-20-2-F;Los Morritos;2009;8
ISPMLM-121109-MR-I-20-3-F;Los Morritos;2009;9
ISPMLM-121109-NB-D-10-1-F;Los Morritos;2009;10
ISPMLM-121109-NB-D-10-2-F;Los Morritos;2009;11
ISPMLM-121109-NB-D-10-3-F;Los Morritos;2009;12
ISPMLM-121109-RS-D-15-1-F;Los Morritos;2009;13
ISPMLM-121109-RS-D-15-2-F;Los Morritos;2009;14
ISPMLM-121109-RS-D-15-3-F;Los Morritos;2009;15
ISPMLM-121109-SD-I-15-1-F;Los Morritos;2009;16
ISPMLM-121109-SD-I-15-2-F;Los Morritos;2009;17
ISPMLM-121109-SD-I-15-3-F;Los Morritos;2009;18
ISPMLM-121109-UB-I-5-1-F;Los Morritos;2009;19
ISPMLM-121109-UB-I-5-2-F;Los Morritos;2009;20
ISPMLM-121109-UB-I-5-3-F;Los Morritos;2009;21
ISPMLM-131109-JT-D-5-1-F;Los Morritos;2009;22
ISPMLM-131109-JT-D-5-2-F;Los Morritos;2009;23
ISPMLM-131109-JT-D-5-3-F;Los Morritos;2009;24
ISPMPR-041109-DT-I-10-1-F;Punta Rabijunco;2009;1
ISPMPR-041109-DT-I-10-2-F;Punta Rabijunco;2009;2
ISPMPR-041109-DT-I-10-3-F;Punta Rabijunco;2009;3
ISPMPR-041109-JT-D-5-1-F;Punta Rabijunco;2009;4
ISPMPR-041109-JT-D-5-2-F;Punta Rabijunco;2009;5
ISPMPR-041109-JT-D-5-3-F;Punta Rabijunco;2009;6
ISPMPR-041109-LE-D-10-1-F;Punta Rabijunco;2009;7
ISPMPR-041109-LE-D-10-2-F;Punta Rabijunco;2009;8
ISPMPR-041109-LE-D-10-3-F;Punta Rabijunco;2009;9
ISPMPR-041109-MR-I-20-1-F;Punta Rabijunco;2009;10
ISPMPR-041109-MR-I-20-2-F;Punta Rabijunco;2009;11
ISPMPR-041109-MR-I-20-3-F;Punta Rabijunco;2009;12
ISPMPR-041109-RS-D-20-1-F;Punta Rabijunco;2009;13
ISPMPR-041109-RS-D-20-2-F;Punta Rabijunco;2009;14
ISPMPR-041109-RS-D-20-3-F;Punta Rabijunco;2009;15
ISPMPR-041109-SD-I-15-1-F;Punta Rabijunco;2009;16
ISPMPR-041109-SD-I-15-2-F;Punta Rabijunco;2009;17
ISPMPR-041109-SD-I-15-3-F;Punta Rabijunco;2009;18
ISPMPR-041109-SD-I-5-1-F;Punta Rabijunco;2009;19
ISPMPR-041109-SD-I-5-2-F;Punta Rabijunco;2009;20
ISPMPR-041109-SD-I-5-3-F;Punta Rabijunco;2009;21
ISPMPR-041109-UB-D-15-1-F;Punta Rabijunco;2009;22
ISPMPR-041109-UB-D-15-2-F;Punta Rabijunco;2009;23
ISPMPR-041109-UB-D-15-3-F;Punta Rabijunco;2009;24
ISPMAC-061010-DT-I-15-1-F;Arroyo del Cartelón;2010;1
ISPMAC-061010-DT-I-15-2-F;Arroyo del Cartelón;2010;2
ISPMAC-061010-FP-I-15-1-F;Arroyo del Cartelón;2010;3
ISPMAC-061010-JT-D-20-2-F;Arroyo del Cartelón;2010;4
ISPMAC-061010-JT-D-20-3-F;Arroyo del Cartelón;2010;5
ISPMAC-061010-LE-I-20-1-F;Arroyo del Cartelón;2010;6
ISPMAC-061010-LE-I-20-2-F;Arroyo del Cartelón;2010;7
ISPMAC-061010-NB-D-15-1-F;Arroyo del Cartelón;2010;8
ISPMAC-061010-NB-D-15-2-F;Arroyo del Cartelón;2010;9
ISPMAC-061010-NB-D-15-3-F;Arroyo del Cartelón;2010;10
ISPMAC-061010-RS-D-5-1-F;Arroyo del Cartelón;2010;11
ISPMAC-061010-RS-D-5-2-F;Arroyo del Cartelón;2010;12
ISPMAC-061010-RS-D-5-3-F;Arroyo del Cartelón;2010;13
ISPMAC-061010-RS-I-5-1-F;Arroyo del Cartelón;2010;14
ISPMAC-061010-RS-I-5-2-F;Arroyo del Cartelón;2010;15
ISPMAC-061010-RS-I-5-3-F;Arroyo del Cartelón;2010;16
ISPMAC-061010-SD-D-10-1-F;Arroyo del Cartelón;2010;17
ISPMAC-061010-SD-D-10-2-F;Arroyo del Cartelón;2010;18
ISPMAC-061010-SD-D-10-3-F;Arroyo del Cartelón;2010;19
ISPMAC-061010-SD-I-10-1-F;Arroyo del Cartelón;2010;20
ISPMAC-061010-SD-I-10-2-F;Arroyo del Cartelón;2010;21
ISPMAC-061010-SD-I-10-3-F;Arroyo del Cartelón;2010;22
ISPMAC-061010-UB-D-20-1-F;Arroyo del Cartelón;2010;23
ISPMAC-061010-UB-I-20-1-F;Arroyo del Cartelón;2010;24
ISPMBB-081010-AM-D-5-1-F;Barra Baya;2010;1
ISPMBB-081010-AM-D-5-2-F;Barra Baya;2010;2
ISPMBB-081010-AM-D-5-3-F;Barra Baya;2010;3
ISPMBB-081010-DT-I-20-1-F;Barra Baya;2010;4
ISPMBB-081010-FP-I-15-1-F;Barra Baya;2010;5
ISPMBB-081010-JT-I-10-1-F;Barra Baya;2010;6
ISPMBB-081010-JT-I-10-2-F;Barra Baya;2010;7
ISPMBB-081010-JT-I-10-3-F;Barra Baya;2010;8
ISPMBB-081010-LE-D-20-1-F;Barra Baya;2010;9
ISPMBB-081010-LE-D-20-2-F;Barra Baya;2010;10
ISPMBB-081010-LE-D-20-3-F;Barra Baya;2010;11
ISPMBB-081010-MR-I-20-1-F;Barra Baya;2010;12
ISPMBB-081010-MR-I-20-2-F;Barra Baya;2010;13
ISPMBB-081010-NB-D-15-1-F;Barra Baya;2010;14
ISPMBB-081010-NB-D-15-2-F;Barra Baya;2010;15
ISPMBB-081010-NB-D-15-3-F;Barra Baya;2010;16
ISPMBB-081010-RS-I-5-1-F;Barra Baya;2010;17
ISPMBB-081010-RS-I-5-2-F;Barra Baya;2010;18
ISPMBB-081010-RS-I-5-3-F;Barra Baya;2010;19
ISPMBB-081010-SD-I-15-1-F;Barra Baya;2010;20
ISPMBB-081010-SD-I-15-2-F;Barra Baya;2010;21
ISPMBB-081010-UB-D-10-1-F;Barra Baya;2010;22
ISPMBB-081010-UB-D-10-2-F;Barra Baya;2010;23
ISPMBB-081010-UB-D-10-3-F;Barra Baya;2010;24
ISPMCR-081010-AM-I-20-1-F;Cueva de la Reserva;2010;1
ISPMCR-081010-DT-I-10-1-F;Cueva de la Reserva;2010;2
ISPMCR-081010-DT-I-10-2-F;Cueva de la Reserva;2010;3
ISPMCR-081010-DT-I-10-3-F;Cueva de la Reserva;2010;4
ISPMCR-081010-FP-D-15-1-F;Cueva de la Reserva;2010;5
ISPMCR-081010-FP-D-15-2-F;Cueva de la Reserva;2010;6
ISPMCR-081010-FP-D-15-3-F;Cueva de la Reserva;2010;7
ISPMCR-081010-JT-D-5-1-F;Cueva de la Reserva;2010;8
ISPMCR-081010-JT-D-5-2-F;Cueva de la Reserva;2010;9
ISPMCR-081010-JT-D-5-3-F;Cueva de la Reserva;2010;10
ISPMCR-081010-LE-D-10-1-F;Cueva de la Reserva;2010;11
ISPMCR-081010-LE-D-10-2-F;Cueva de la Reserva;2010;12
ISPMCR-081010-LE-D-10-3-F;Cueva de la Reserva;2010;13
ISPMCR-081010-MR-I-20-1-F;Cueva de la Reserva;2010;14
ISPMCR-081010-MR-I-20-2-F;Cueva de la Reserva;2010;15
ISPMCR-081010-NB-I-15-1-F;Cueva de la Reserva;2010;16
ISPMCR-081010-RS-D-20-1-F;Cueva de la Reserva;2010;17
ISPMCR-081010-RS-D-20-2-F;Cueva de la Reserva;2010;18
ISPMCR-081010-RS-D-20-3-F;Cueva de la Reserva;2010;19
ISPMCR-081010-SD-I-15-1-F;Cueva de la Reserva;2010;20
ISPMCR-081010-SD-I-15-2-F;Cueva de la Reserva;2010;21
ISPMCR-081010-UB-I-5-1-F;Cueva de la Reserva;2010;22
ISPMCR-081010-UB-I-5-2-F;Cueva de la Reserva;2010;23
ISPMCR-081010-UB-I-5-3-F;Cueva de la Reserva;2010;24
ISPMCB-071010-DT-D-10-1-F;Cueva del Biólogo;2010;1
ISPMCB-071010-DT-D-10-2-F;Cueva del Biólogo;2010;2
ISPMCB-071010-DT-D-10-3-F;Cueva del Biólogo;2010;3
ISPMCB-071010-FP-I-15-1-F;Cueva del Biólogo;2010;4
ISPMCB-071010-JT-D-5-1-F;Cueva del Biólogo;2010;5
ISPMCB-071010-JT-D-5-2-F;Cueva del Biólogo;2010;6
ISPMCB-071010-JT-D-5-3-F;Cueva del Biólogo;2010;7
ISPMCB-071010-LE-I-10-1-F;Cueva del Biólogo;2010;8
ISPMCB-071010-LE-I-10-2-F;Cueva del Biólogo;2010;9
ISPMCB-071010-LE-I-10-3-F;Cueva del Biólogo;2010;10
ISPMCB-071010-MR-I-20-1-F;Cueva del Biólogo;2010;11
ISPMCB-071010-MR-I-20-2-F;Cueva del Biólogo;2010;12
ISPMCB-071010-NB-D-15-1-F;Cueva del Biólogo;2010;13
ISPMCB-071010-NB-D-15-2-F;Cueva del Biólogo;2010;14
ISPMCB-071010-NB-D-15-3-F;Cueva del Biólogo;2010;15
ISPMCB-071010-RS-D-20-1-F;Cueva del Biólogo;2010;16
ISPMCB-071010-RS-D-20-2-F;Cueva del Biólogo;2010;17
ISPMCB-071010-RS-D-20-3-F;Cueva del Biólogo;2010;18
ISPMCB-071010-RS-I-20-1-F;Cueva del Biólogo;2010;19
ISPMCB-071010-SD-I-15-1-F;Cueva del Biólogo;2010;20
ISPMCB-071010-SD-I-15-2-F;Cueva del Biólogo;2010;21
ISPMCB-071010-UB-I-5-1-F;Cueva del Biólogo;2010;22
ISPMCB-071010-UB-I-5-2-F;Cueva del Biólogo;2010;23
ISPMCB-071010-UB-I-5-3-F;Cueva del Biólogo;2010;24
ISPMLM-061010-DT-D-10-1-F;Los Morritos;2010;1
ISPMLM-061010-DT-D-10-2-F;Los Morritos;2010;2
ISPMLM-061010-DT-D-10-3-F;Los Morritos;2010;3
ISPMLM-061010-FP-D-20-1-F;Los Morritos;2010;4
ISPMLM-061010-FP-D-20-2-F;Los Morritos;2010;5
ISPMLM-061010-FP-D-20-3-F;Los Morritos;2010;6
ISPMLM-061010-JT-D-15-2-F;Los Morritos;2010;7
ISPMLM-061010-JT-D-15-3-F;Los Morritos;2010;8
ISPMLM-061010-LE-I-10-1-F;Los Morritos;2010;9
ISPMLM-061010-LE-I-10-2-F;Los Morritos;2010;10
ISPMLM-061010-LE-I-10-3-F;Los Morritos;2010;11
ISPMLM-061010-NB-I-20-1-F;Los Morritos;2010;12
ISPMLM-061010-RS-D-5-1-F;Los Morritos;2010;13
ISPMLM-061010-RS-D-5-2-F;Los Morritos;2010;14
ISPMLM-061010-RS-I-5-1-F;Los Morritos;2010;15
ISPMLM-061010-RS-I-5-2-F;Los Morritos;2010;16
ISPMLM-061010-RS-I-5-3-F;Los Morritos;2010;17
ISPMLM-061010-SD-I-15-1-F;Los Morritos;2010;18
ISPMLM-061010-SD-I-15-2-F;Los Morritos;2010;19
ISPMLM-061010-SD-I-20-1-F;Los Morritos;2010;20
ISPMLM-061010-SD-I-20-2-F;Los Morritos;2010;21
ISPMLM-061010-UB-D-15-1-F;Los Morritos;2010;22
ISPMLM-061010-UB-I-15-1-F;Los Morritos;2010;23
ISPMLM-101010-NB-D-5-1-F;Los Morritos;2010;24
ISPMPR-091010-AM-D-5-1-F;Punta Rabijunco;2010;1
ISPMPR-091010-AM-D-5-2-F;Punta Rabijunco;2010;2
ISPMPR-091010-AM-D-5-3-F;Punta Rabijunco;2010;3
ISPMPR-091010-DT-D-20-1-F;Punta Rabijunco;2010;4
ISPMPR-091010-DT-D-20-2-F;Punta Rabijunco;2010;5
ISPMPR-091010-DT-D-20-3-F;Punta Rabijunco;2010;6
ISPMPR-091010-FP-D-10-1-F;Punta Rabijunco;2010;7
ISPMPR-091010-FP-D-10-2-F;Punta Rabijunco;2010;8
ISPMPR-091010-FP-D-10-3-F;Punta Rabijunco;2010;9
ISPMPR-091010-JT-D-15-2-F;Punta Rabijunco;2010;10
ISPMPR-091010-JT-D-15-3-F;Punta Rabijunco;2010;11
ISPMPR-091010-LE-I-20-1-F;Punta Rabijunco;2010;12
ISPMPR-091010-MR-I-20-1-F;Punta Rabijunco;2010;13
ISPMPR-091010-MR-I-20-2-F;Punta Rabijunco;2010;14
ISPMPR-091010-NB-I-10-1-F;Punta Rabijunco;2010;15
ISPMPR-091010-NB-I-10-2-F;Punta Rabijunco;2010;16
ISPMPR-091010-NB-I-10-3-F;Punta Rabijunco;2010;17
ISPMPR-091010-RS-I-5-1-F;Punta Rabijunco;2010;18
ISPMPR-091010-RS-I-5-2-F;Punta Rabijunco;2010;19
ISPMPR-091010-RS-I-5-3-F;Punta Rabijunco;2010;20
ISPMPR-091010-SD-I-15-1-F;Punta Rabijunco;2010;21
ISPMPR-091010-SD-I-15-2-F;Punta Rabijunco;2010;22
ISPMPR-091010-UB-D-15-1-F;Punta Rabijunco;2010;23
ISPMPR-091010-UB-I-15-1-F;Punta Rabijunco;2010;24
ISPMAC-251011-AH-D-5-1-F;Arroyo del Cartelón;2011;1
ISPMAC-251011-AH-D-5-2-F;Arroyo del Cartelón;2011;2
ISPMAC-251011-AH-D-5-3-F;Arroyo del Cartelón;2011;3
ISPMAC-251011-AH-I-5-1-F;Arroyo del Cartelón;2011;4
ISPMAC-251011-AH-I-5-2-F;Arroyo del Cartelón;2011;5
ISPMAC-251011-AH-I-5-3-F;Arroyo del Cartelón;2011;6
ISPMAC-251011-DT-I-20-1-F;Arroyo del Cartelón;2011;7
ISPMAC-251011-DT-I-20-2-F;Arroyo del Cartelón;2011;8
ISPMAC-251011-DT-I-20-3-F;Arroyo del Cartelón;2011;9
ISPMAC-251011-LE-I-15-1-F;Arroyo del Cartelón;2011;10
ISPMAC-251011-LE-I-15-2-F;Arroyo del Cartelón;2011;11
ISPMAC-251011-LE-I-15-3-F;Arroyo del Cartelón;2011;12
ISPMAC-251011-NB-D-10-1-F;Arroyo del Cartelón;2011;13
ISPMAC-251011-NB-D-10-2-F;Arroyo del Cartelón;2011;14
ISPMAC-251011-NB-D-10-3-F;Arroyo del Cartelón;2011;15
ISPMAC-251011-NB-I-10-1-F;Arroyo del Cartelón;2011;16
ISPMAC-251011-NB-I-10-2-F;Arroyo del Cartelón;2011;17
ISPMAC-251011-NB-I-10-3-F;Arroyo del Cartelón;2011;18
ISPMAC-251011-RS-D-15-1-F;Arroyo del Cartelón;2011;19
ISPMAC-251011-RS-D-15-2-F;Arroyo del Cartelón;2011;20
ISPMAC-251011-RS-D-15-3-F;Arroyo del Cartelón;2011;21
ISPMAC-251011-UB-D-20-1-F;Arroyo del Cartelón;2011;22
ISPMAC-251011-UB-D-20-2-F;Arroyo del Cartelón;2011;23
ISPMAC-251011-UB-D-20-3-F;Arroyo del Cartelón;2011;24
ISPMBB-271011-AH-D-5-1-F;Barra Baya;2011;1
ISPMBB-271011-AH-D-5-2-F;Barra Baya;2011;2
ISPMBB-271011-AH-D-5-3-F;Barra Baya;2011;3
ISPMBB-271011-AH-I-5-1-F;Barra Baya;2011;4
ISPMBB-271011-AH-I-5-2-F;Barra Baya;2011;5
ISPMBB-271011-AH-I-5-3-F;Barra Baya;2011;6
ISPMBB-271011-JG-D-20-1-F;Barra Baya;2011;7
ISPMBB-271011-JG-D-20-2-F;Barra Baya;2011;8
ISPMBB-271011-JG-D-20-3-F;Barra Baya;2011;9
ISPMBB-271011-JG-I-20-1-F;Barra Baya;2011;10
ISPMBB-271011-JG-I-20-2-F;Barra Baya;2011;11
ISPMBB-271011-JG-I-20-3-F;Barra Baya;2011;12
ISPMBB-271011-LE-D-15-1-F;Barra Baya;2011;13
ISPMBB-271011-LE-D-15-2-F;Barra Baya;2011;14
ISPMBB-271011-LE-D-15-3-F;Barra Baya;2011;15
ISPMBB-271011-RS-I-15-1-F;Barra Baya;2011;16
ISPMBB-271011-RS-I-15-2-F;Barra Baya;2011;17
ISPMBB-271011-RS-I-15-3-F;Barra Baya;2011;18
ISPMBB-271011-UB-D-10-1-F;Barra Baya;2011;19
ISPMBB-271011-UB-D-10-2-F;Barra Baya;2011;20
ISPMBB-271011-UB-D-10-3-F;Barra Baya;2011;21
ISPMBB-271011-UB-I-10-1-F;Barra Baya;2011;22
ISPMBB-271011-UB-I-10-2-F;Barra Baya;2011;23
ISPMBB-271011-UB-I-10-3-F;Barra Baya;2011;24
ISPMCR-271011-AH-D-5-1-F;Cueva de la Reserva;2011;1
ISPMCR-271011-AH-D-5-2-F;Cueva de la Reserva;2011;2
ISPMCR-271011-AH-D-5-3-F;Cueva de la Reserva;2011;3
ISPMCR-271011-AH-I-5-1-F;Cueva de la Reserva;2011;4
ISPMCR-271011-AH-I-5-2-F;Cueva de la Reserva;2011;5
ISPMCR-271011-AH-I-5-3-F;Cueva de la Reserva;2011;6
ISPMCR-271011-JG-D-20-1-F;Cueva de la Reserva;2011;7
ISPMCR-271011-JG-D-20-2-F;Cueva de la Reserva;2011;8
ISPMCR-271011-JG-D-20-3-F;Cueva de la Reserva;2011;9
ISPMCR-271011-JG-I-20-1-F;Cueva de la Reserva;2011;10
ISPMCR-271011-JG-I-20-2-F;Cueva de la Reserva;2011;11
ISPMCR-271011-JG-I-20-3-F;Cueva de la Reserva;2011;12
ISPMCR-271011-LE-I-15-1-F;Cueva de la Reserva;2011;13
ISPMCR-271011-LE-I-15-2-F;Cueva de la Reserva;2011;14
ISPMCR-271011-LE-I-15-3-F;Cueva de la Reserva;2011;15
ISPMCR-271011-UB-D-10-1-F;Cueva de la Reserva;2011;16
ISPMCR-271011-UB-D-10-2-F;Cueva de la Reserva;2011;17
ISPMCR-271011-UB-D-10-3-F;Cueva de la Reserva;2011;18
ISPMCR-271011-UB-I-10-1-F;Cueva de la Reserva;2011;19
ISPMCR-271011-UB-I-10-2-F;Cueva de la Reserva;2011;20
ISPMCR-271011-UB-I-10-3-F;Cueva de la Reserva;2011;21
ISPMCB-261011-AH-D-5-1-F;Cueva del Biólogo;2011;1
ISPMCB-261011-AH-D-5-2-F;Cueva del Biólogo;2011;2
ISPMCB-261011-AH-D-5-3-F;Cueva del Biólogo;2011;3
ISPMCB-261011-AH-I-5-1-F;Cueva del Biólogo;2011;4
ISPMCB-261011-AH-I-5-2-F;Cueva del Biólogo;2011;5
ISPMCB-261011-AH-I-5-3-F;Cueva del Biólogo;2011;6
ISPMCB-261011-JT-I-20-1-F;Cueva del Biólogo;2011;7
ISPMCB-261011-JT-I-20-2-F;Cueva del Biólogo;2011;8
ISPMCB-261011-JT-I-20-3-F;Cueva del Biólogo;2011;9
ISPMCB-261011-LE-I-10-1-F;Cueva del Biólogo;2011;10
ISPMCB-261011-LE-I-10-2-F;Cueva del Biólogo;2011;11
ISPMCB-261011-LE-I-10-3-F;Cueva del Biólogo;2011;12
ISPMCB-261011-RS-D-10-1-F;Cueva del Biólogo;2011;13
ISPMCB-261011-RS-D-10-2-F;Cueva del Biólogo;2011;14
ISPMCB-261011-RS-D-10-3-F;Cueva del Biólogo;2011;15
ISPMCB-261011-SD-D-20-1-F;Cueva del Biólogo;2011;16
ISPMCB-261011-SD-D-20-2-F;Cueva del Biólogo;2011;17
ISPMCB-261011-SD-D-20-3-F;Cueva del Biólogo;2011;18
ISPMCB-261011-UB-D-15-1-F;Cueva del Biólogo;2011;19
ISPMCB-261011-UB-D-15-2-F;Cueva del Biólogo;2011;20
ISPMCB-261011-UB-D-15-3-F;Cueva del Biólogo;2011;21
ISPMCB-261011-UB-I-15-1-F;Cueva del Biólogo;2011;22
ISPMCB-261011-UB-I-15-2-F;Cueva del Biólogo;2011;23
ISPMCB-261011-UB-I-15-3-F;Cueva del Biólogo;2011;24
ISPMLM-261011-AH-D-5-1-F;Los Morritos;2011;1
ISPMLM-261011-AH-D-5-2-F;Los Morritos;2011;2
ISPMLM-261011-AH-D-5-3-F;Los Morritos;2011;3
ISPMLM-261011-AH-I-5-1-F;Los Morritos;2011;4
ISPMLM-261011-AH-I-5-2-F;Los Morritos;2011;5
ISPMLM-261011-AH-I-5-3-F;Los Morritos;2011;6
ISPMLM-261011-JT-I-15-1-F;Los Morritos;2011;7
ISPMLM-261011-JT-I-15-2-F;Los Morritos;2011;8
ISPMLM-261011-JT-I-15-3-F;Los Morritos;2011;9
ISPMLM-261011-LE-D-20-1-F;Los Morritos;2011;10
ISPMLM-261011-LE-D-20-2-F;Los Morritos;2011;11
ISPMLM-261011-LE-D-20-3-F;Los Morritos;2011;12
ISPMLM-261011-NB-D-10-1-F;Los Morritos;2011;13
ISPMLM-261011-NB-D-10-2-F;Los Morritos;2011;14
ISPMLM-261011-NB-D-10-3-F;Los Morritos;2011;15
ISPMLM-261011-NB-I-10-1-F;Los Morritos;2011;16
ISPMLM-261011-NB-I-10-2-F;Los Morritos;2011;17
ISPMLM-261011-NB-I-10-3-F;Los Morritos;2011;18
ISPMLM-261011-RS-I-20-1-F;Los Morritos;2011;19
ISPMLM-261011-RS-I-20-2-F;Los Morritos;2011;20
ISPMLM-261011-RS-I-20-3-F;Los Morritos;2011;21
ISPMLM-261011-SD-D-15-1-F;Los Morritos;2011;22
ISPMLM-261011-SD-D-15-2-F;Los Morritos;2011;23
ISPMLM-261011-SD-D-15-3-F;Los Morritos;2011;24
ISPMPR-260111-NB-I-20-1-F;Punta Rabijunco;2011;1
ISPMPR-260111-NB-I-20-2-F;Punta Rabijunco;2011;2
ISPMPR-260111-NB-I-20-3-F;Punta Rabijunco;2011;3
ISPMPR-261011-AH-D-5-1-F;Punta Rabijunco;2011;4
ISPMPR-261011-AH-D-5-2-F;Punta Rabijunco;2011;5
ISPMPR-261011-AH-D-5-3-F;Punta Rabijunco;2011;6
ISPMPR-261011-AH-I-5-1-F;Punta Rabijunco;2011;7
ISPMPR-261011-AH-I-5-2-F;Punta Rabijunco;2011;8
ISPMPR-261011-AH-I-5-3-F;Punta Rabijunco;2011;9
ISPMPR-261011-JT-I-15-1-F;Punta Rabijunco;2011;10
ISPMPR-261011-JT-I-15-2-F;Punta Rabijunco;2011;11
ISPMPR-261011-JT-I-15-3-F;Punta Rabijunco;2011;12
ISPMPR-261011-LE-I-10-1-F;Punta Rabijunco;2011;13
ISPMPR-261011-LE-I-10-2-F;Punta Rabijunco;2011;14
ISPMPR-261011-LE-I-10-3-F;Punta Rabijunco;2011;15
ISPMPR-261011-NB-D-20-1-F;Punta Rabijunco;2011;16
ISPMPR-261011-NB-D-20-2-F;Punta Rabijunco;2011;17
ISPMPR-261011-NB-D-20-3-F;Punta Rabijunco;2011;18
ISPMPR-261011-RS-D-10-1-F;Punta Rabijunco;2011;19
ISPMPR-261011-RS-D-10-2-F;Punta Rabijunco;2011;20
ISPMPR-261011-RS-D-10-3-F;Punta Rabijunco;2011;21
ISPMPR-261011-SD-D-15-1-F;Punta Rabijunco;2011;22
ISPMPR-261011-SD-D-15-2-F;Punta Rabijunco;2011;23
ISPMPR-261011-SD-D-15-3-F;Punta Rabijunco;2011;24
ISPMAC-291012-DT-D-20-1-F;Arroyo del Cartelón;2012;1
ISPMAC-291012-DT-D-20-2-F;Arroyo del Cartelón;2012;2
ISPMAC-291012-DT-D-20-3-F;Arroyo del Cartelón;2012;3
ISPMAC-291012-JT-I-15-1-F;Arroyo del Cartelón;2012;4
ISPMAC-291012-JT-I-15-2-F;Arroyo del Cartelón;2012;5
ISPMAC-291012-JT-I-15-3-F;Arroyo del Cartelón;2012;6
ISPMAC-291012-LE-I-20-1-F;Arroyo del Cartelón;2012;7
ISPMAC-291012-LE-I-20-2-F;Arroyo del Cartelón;2012;8
ISPMAC-291012-LE-I-20-3-F;Arroyo del Cartelón;2012;9
ISPMAC-291012-NB-D-15-1-F;Arroyo del Cartelón;2012;10
ISPMAC-291012-NB-D-15-2-F;Arroyo del Cartelón;2012;11
ISPMAC-291012-NB-D-15-3-F;Arroyo del Cartelón;2012;12
ISPMAC-291012-SD-D-5-1-F;Arroyo del Cartelón;2012;13
ISPMAC-291012-SD-D-5-2-F;Arroyo del Cartelón;2012;14
ISPMAC-291012-SD-D-5-3-F;Arroyo del Cartelón;2012;15
ISPMAC-291012-SD-I-5-1-F;Arroyo del Cartelón;2012;16
ISPMAC-291012-SD-I-5-2-F;Arroyo del Cartelón;2012;17
ISPMAC-291012-SD-I-5-3-F;Arroyo del Cartelón;2012;18
ISPMAC-291012-UB-D-10-1-F;Arroyo del Cartelón;2012;19
ISPMAC-291012-UB-D-10-2-F;Arroyo del Cartelón;2012;20
ISPMAC-291012-UB-D-10-3-F;Arroyo del Cartelón;2012;21
ISPMAC-291012-UB-I-10-1-F;Arroyo del Cartelón;2012;22
ISPMAC-291012-UB-I-10-2-F;Arroyo del Cartelón;2012;23
ISPMAC-291012-UB-I-10-3-F;Arroyo del Cartelón;2012;24
ISPMBB-291012-DT-I-10-1-F;Barra Baya;2012;1
ISPMBB-291012-DT-I-10-2-F;Barra Baya;2012;2
ISPMBB-291012-DT-I-10-3-F;Barra Baya;2012;3
ISPMBB-291012-JT-I-15-1-F;Barra Baya;2012;4
ISPMBB-291012-JT-I-15-2-F;Barra Baya;2012;5
ISPMBB-291012-JT-I-15-3-F;Barra Baya;2012;6
ISPMBB-291012-LE-D-10-1-F;Barra Baya;2012;7
ISPMBB-291012-LE-D-10-2-F;Barra Baya;2012;8
ISPMBB-291012-LE-D-10-3-F;Barra Baya;2012;9
ISPMBB-291012-NB-D-15-1-F;Barra Baya;2012;10
ISPMBB-291012-NB-D-15-2-F;Barra Baya;2012;11
ISPMBB-291012-NB-D-15-3-F;Barra Baya;2012;12
ISPMBB-291012-SD-D-5-1-F;Barra Baya;2012;13
ISPMBB-291012-SD-D-5-2-F;Barra Baya;2012;14
ISPMBB-291012-SD-D-5-3-F;Barra Baya;2012;15
ISPMBB-291012-SD-I-5-1-F;Barra Baya;2012;16
ISPMBB-291012-SD-I-5-2-F;Barra Baya;2012;17
ISPMBB-291012-SD-I-5-3-F;Barra Baya;2012;18
ISPMBB-291012-UB-D-20-1-F;Barra Baya;2012;19
ISPMBB-291012-UB-D-20-2-F;Barra Baya;2012;20
ISPMBB-291012-UB-D-20-3-F;Barra Baya;2012;21
ISPMBB-291012-UB-I-20-1-F;Barra Baya;2012;22
ISPMBB-291012-UB-I-20-2-F;Barra Baya;2012;23
ISPMBB-291012-UB-I-20-3-F;Barra Baya;2012;24
ISPMCR-311012-AL-I-10-1-F;Cueva de la Reserva;2012;1
ISPMCR-311012-AL-I-10-2-F;Cueva de la Reserva;2012;2
ISPMCR-311012-AL-I-10-3-F;Cueva de la Reserva;2012;3
ISPMCR-311012-FP-D-15-1-F;Cueva de la Reserva;2012;4
ISPMCR-311012-FP-D-15-2-F;Cueva de la Reserva;2012;5
ISPMCR-311012-FP-D-15-3-F;Cueva de la Reserva;2012;6
ISPMCR-311012-JT-I-20-1-F;Cueva de la Reserva;2012;7
ISPMCR-311012-JT-I-20-2-F;Cueva de la Reserva;2012;8
ISPMCR-311012-JT-I-20-3-F;Cueva de la Reserva;2012;9
ISPMCR-311012-NB-D-20-1-F;Cueva de la Reserva;2012;10
ISPMCR-311012-NB-D-20-2-F;Cueva de la Reserva;2012;11
ISPMCR-311012-NB-D-20-3-F;Cueva de la Reserva;2012;12
ISPMCR-311012-PR-I-15-1-F;Cueva de la Reserva;2012;13
ISPMCR-311012-PR-I-15-2-F;Cueva de la Reserva;2012;14
ISPMCR-311012-PR-I-15-3-F;Cueva de la Reserva;2012;15
ISPMCR-311012-SD-D-5-1-F;Cueva de la Reserva;2012;16
ISPMCR-311012-SD-D-5-2-F;Cueva de la Reserva;2012;17
ISPMCR-311012-SD-D-5-3-F;Cueva de la Reserva;2012;18
ISPMCR-311012-SD-I-5-1-F;Cueva de la Reserva;2012;19
ISPMCR-311012-SD-I-5-2-F;Cueva de la Reserva;2012;20
ISPMCR-311012-SD-I-5-3-F;Cueva de la Reserva;2012;21
ISPMCR-311012-UB-D-10-1-F;Cueva de la Reserva;2012;22
ISPMCR-311012-UB-D-10-2-F;Cueva de la Reserva;2012;23
ISPMCR-311012-UB-D-10-3-F;Cueva de la Reserva;2012;24
ISPMCB-301012-DT-D-15-1-F;Cueva del Biólogo;2012;1
ISPMCB-301012-DT-D-15-2-F;Cueva del Biólogo;2012;2
ISPMCB-301012-DT-D-15-3-F;Cueva del Biólogo;2012;3
ISPMCB-301012-FP-D-10-1-F;Cueva del Biólogo;2012;4
ISPMCB-301012-FP-D-10-2-F;Cueva del Biólogo;2012;5
ISPMCB-301012-FP-D-10-3-F;Cueva del Biólogo;2012;6
ISPMCB-301012-FP-I-10-1-F;Cueva del Biólogo;2012;7
ISPMCB-301012-FP-I-10-2-F;Cueva del Biólogo;2012;8
ISPMCB-301012-FP-I-10-3-F;Cueva del Biólogo;2012;9
ISPMCB-301012-JT-I-20-1-F;Cueva del Biólogo;2012;10
ISPMCB-301012-JT-I-20-2-F;Cueva del Biólogo;2012;11
ISPMCB-301012-JT-I-20-3-F;Cueva del Biólogo;2012;12
ISPMCB-301012-LE-I-15-1-F;Cueva del Biólogo;2012;13
ISPMCB-301012-LE-I-15-2-F;Cueva del Biólogo;2012;14
ISPMCB-301012-LE-I-15-3-F;Cueva del Biólogo;2012;15
ISPMCB-301012-NB-D-20-1-F;Cueva del Biólogo;2012;16
ISPMCB-301012-NB-D-20-2-F;Cueva del Biólogo;2012;17
ISPMCB-301012-NB-D-20-3-F;Cueva del Biólogo;2012;18
ISPMCB-301012-SD-D-5-1-F;Cueva del Biólogo;2012;19
ISPMCB-301012-SD-D-5-2-F;Cueva del Biólogo;2012;20
ISPMCB-301012-SD-D-5-3-F;Cueva del Biólogo;2012;21
ISPMCB-301012-SD-I-5-1-F;Cueva del Biólogo;2012;22
ISPMCB-301012-SD-I-5-2-F;Cueva del Biólogo;2012;23
ISPMCB-301012-SD-I-5-3-F;Cueva del Biólogo;2012;24
ISPMLM-301012-AL-I-5-2-F;Los Morritos;2012;1
ISPMLM-311012-AL-I-5-1-F;Los Morritos;2012;2
ISPMLM-311012-AL-I-5-3-F;Los Morritos;2012;3
ISPMLM-311012-DT-I-10-1-F;Los Morritos;2012;4
ISPMLM-311012-DT-I-10-2-F;Los Morritos;2012;5
ISPMLM-311012-DT-I-10-3-F;Los Morritos;2012;6
ISPMLM-311012-FP-D-20-1-F;Los Morritos;2012;7
ISPMLM-311012-FP-D-20-2-F;Los Morritos;2012;8
ISPMLM-311012-FP-D-20-3-F;Los Morritos;2012;9
ISPMLM-311012-JT-D-15-1-F;Los Morritos;2012;10
ISPMLM-311012-JT-D-15-2-F;Los Morritos;2012;11
ISPMLM-311012-JT-D-15-3-F;Los Morritos;2012;12
ISPMLM-311012-LE-D-10-1-F;Los Morritos;2012;13
ISPMLM-311012-LE-D-10-2-F;Los Morritos;2012;14
ISPMLM-311012-LE-D-10-3-F;Los Morritos;2012;15
ISPMLM-311012-NB-I-15-1-F;Los Morritos;2012;16
ISPMLM-311012-NB-I-15-2-F;Los Morritos;2012;17
ISPMLM-311012-NB-I-15-3-F;Los Morritos;2012;18
ISPMLM-311012-PR-I-20-1-F;Los Morritos;2012;19
ISPMLM-311012-PR-I-20-2-F;Los Morritos;2012;20
ISPMLM-311012-PR-I-20-3-F;Los Morritos;2012;21
ISPMLM-311012-UB-D-5-1-F;Los Morritos;2012;22
ISPMLM-311012-UB-D-5-2-F;Los Morritos;2012;23
ISPMLM-311012-UB-D-5-3-F;Los Morritos;2012;24
ISPMPR-301012-AL-I-15-1-F;Punta Rabijunco;2012;1
ISPMPR-301012-AL-I-15-2-F;Punta Rabijunco;2012;2
ISPMPR-301012-AL-I-15-3-F;Punta Rabijunco;2012;3
ISPMPR-301012-FP-D-10-1-F;Punta Rabijunco;2012;4
ISPMPR-301012-FP-D-10-2-F;Punta Rabijunco;2012;5
ISPMPR-301012-FP-D-10-3-F;Punta Rabijunco;2012;6
ISPMPR-301012-FP-I-10-1-F;Punta Rabijunco;2012;7
ISPMPR-301012-FP-I-10-2-F;Punta Rabijunco;2012;8
ISPMPR-301012-FP-I-10-3-F;Punta Rabijunco;2012;9
ISPMPR-301012-LE-D-20-1-F;Punta Rabijunco;2012;10
ISPMPR-301012-LE-D-20-2-F;Punta Rabijunco;2012;11
ISPMPR-301012-LE-D-20-3-F;Punta Rabijunco;2012;12
ISPMPR-301012-UB-D-15-1-F;Punta Rabijunco;2012;13
ISPMPR-301012-UB-D-15-2-F;Punta Rabijunco;2012;14
ISPMPR-301012-UB-D-15-3-F;Punta Rabijunco;2012;15
ISPMAC-151113-DT-D-20-1-F;Arroyo del Cartelón;2013;1
ISPMAC-151113-DT-D-20-2-F;Arroyo del Cartelón;2013;2
ISPMAC-151113-DT-D-20-3-F;Arroyo del Cartelón;2013;3
ISPMAC-151113-DT-I-20-1-F;Arroyo del Cartelón;2013;4
ISPMAC-151113-DT-I-20-2-F;Arroyo del Cartelón;2013;5
ISPMAC-151113-DT-I-20-3-F;Arroyo del Cartelón;2013;6
ISPMAC-151113-SD-D-10-1-F;Arroyo del Cartelón;2013;7
ISPMAC-151113-SD-D-10-2-F;Arroyo del Cartelón;2013;8
ISPMAC-151113-SD-D-10-3-F;Arroyo del Cartelón;2013;9
ISPMAC-151113-SD-D-5-1-F;Arroyo del Cartelón;2013;10
ISPMAC-151113-SD-D-5-2-F;Arroyo del Cartelón;2013;11
ISPMAC-151113-SD-D-5-3-F;Arroyo del Cartelón;2013;12
ISPMAC-151113-SD-I-10-1-F;Arroyo del Cartelón;2013;13
ISPMAC-151113-SD-I-10-2-F;Arroyo del Cartelón;2013;14
ISPMAC-151113-SD-I-10-3-F;Arroyo del Cartelón;2013;15
ISPMAC-151113-SD-I-5-1-F;Arroyo del Cartelón;2013;16
ISPMAC-151113-SD-I-5-2-F;Arroyo del Cartelón;2013;17
ISPMAC-151113-SD-I-5-3-F;Arroyo del Cartelón;2013;18
ISPMAC-151113-UB-D-15-1-F;Arroyo del Cartelón;2013;19
ISPMAC-151113-UB-D-15-2-F;Arroyo del Cartelón;2013;20
ISPMAC-151113-UB-D-15-3-F;Arroyo del Cartelón;2013;21
ISPMAC-151113-UB-I-15-1-F;Arroyo del Cartelón;2013;22
ISPMAC-151113-UB-I-15-2-F;Arroyo del Cartelón;2013;23
ISPMAC-151113-UB-I-15-3-F;Arroyo del Cartelón;2013;24
ISPMBB-151113-FP-D-15-1-F;Barra Baya;2013;1
ISPMBB-151113-FP-D-15-2-F;Barra Baya;2013;2
ISPMBB-151113-FP-D-15-3-F;Barra Baya;2013;3
ISPMBB-151113-SD-D-10-1-F;Barra Baya;2013;4
ISPMBB-151113-SD-D-10-2-F;Barra Baya;2013;5
ISPMBB-151113-SD-D-10-3-F;Barra Baya;2013;6
ISPMBB-151113-SD-D-20-1-F;Barra Baya;2013;7
ISPMBB-151113-SD-D-20-2-F;Barra Baya;2013;8
ISPMBB-151113-SD-D-20-3-F;Barra Baya;2013;9
ISPMBB-151113-SD-D-5-1-F;Barra Baya;2013;10
ISPMBB-151113-SD-D-5-2-F;Barra Baya;2013;11
ISPMBB-151113-SD-D-5-3-F;Barra Baya;2013;12
ISPMBB-151113-SD-I-10-1-F;Barra Baya;2013;13
ISPMBB-151113-SD-I-10-2-F;Barra Baya;2013;14
ISPMBB-151113-SD-I-10-3-F;Barra Baya;2013;15
ISPMBB-151113-SD-I-15-1-F;Barra Baya;2013;16
ISPMBB-151113-SD-I-15-2-F;Barra Baya;2013;17
ISPMBB-151113-SD-I-15-3-F;Barra Baya;2013;18
ISPMBB-151113-SD-I-20-1-F;Barra Baya;2013;19
ISPMBB-151113-SD-I-20-2-F;Barra Baya;2013;20
ISPMBB-151113-SD-I-20-3-F;Barra Baya;2013;21
ISPMBB-151113-SD-I-5-1-F;Barra Baya;2013;22
ISPMBB-151113-SD-I-5-2-F;Barra Baya;2013;23
ISPMBB-151113-SD-I-5-3-F;Barra Baya;2013;24
ISPMCR-161113-DT-D-20-1-F;Cueva de la Reserva;2013;1
ISPMCR-161113-DT-D-20-2-F;Cueva de la Reserva;2013;2
ISPMCR-161113-DT-D-20-3-F;Cueva de la Reserva;2013;3
ISPMCR-161113-DT-I-20-1-F;Cueva de la Reserva;2013;4
ISPMCR-161113-DT-I-20-2-F;Cueva de la Reserva;2013;5
ISPMCR-161113-DT-I-20-3-F;Cueva de la Reserva;2013;6
ISPMCR-161113-LE-D-15-1-F;Cueva de la Reserva;2013;7
ISPMCR-161113-LE-D-15-2-F;Cueva de la Reserva;2013;8
ISPMCR-161113-LE-D-15-3-F;Cueva de la Reserva;2013;9
ISPMCR-161113-LE-I-15-1-F;Cueva de la Reserva;2013;10
ISPMCR-161113-LE-I-15-2-F;Cueva de la Reserva;2013;11
ISPMCR-161113-LE-I-15-3-F;Cueva de la Reserva;2013;12
ISPMCR-161113-SD-D-10-1-F;Cueva de la Reserva;2013;13
ISPMCR-161113-SD-D-10-2-F;Cueva de la Reserva;2013;14
ISPMCR-161113-SD-D-10-3-F;Cueva de la Reserva;2013;15
ISPMCR-161113-SD-D-5-1-F;Cueva de la Reserva;2013;16
ISPMCR-161113-SD-D-5-2-F;Cueva de la Reserva;2013;17
ISPMCR-161113-SD-D-5-3-F;Cueva de la Reserva;2013;18
ISPMCR-161113-SD-I-10-1-F;Cueva de la Reserva;2013;19
ISPMCR-161113-SD-I-10-2-F;Cueva de la Reserva;2013;20
ISPMCR-161113-SD-I-10-3-F;Cueva de la Reserva;2013;21
ISPMCR-161113-SD-I-5-1-F;Cueva de la Reserva;2013;22
ISPMCR-161113-SD-I-5-2-F;Cueva de la Reserva;2013;23
ISPMCR-161113-SD-I-5-3-F;Cueva de la Reserva;2013;24
ISPMCB-151113-DT-D-10-1-F;Cueva del Biólogo;2013;1
ISPMCB-151113-DT-D-10-2-F;Cueva del Biólogo;2013;2
ISPMCB-151113-DT-D-10-3-F;Cueva del Biólogo;2013;3
ISPMCB-151113-DT-I-10-1-F;Cueva del Biólogo;2013;4
ISPMCB-151113-DT-I-10-2-F;Cueva del Biólogo;2013;5
ISPMCB-151113-DT-I-10-3-F;Cueva del Biólogo;2013;6
ISPMCB-151113-NB-D-15-1-F;Cueva del Biólogo;2013;7
ISPMCB-151113-NB-D-15-2-F;Cueva del Biólogo;2013;8
ISPMCB-151113-NB-D-15-3-F;Cueva del Biólogo;2013;9
ISPMCB-151113-NB-D-5-1-F;Cueva del Biólogo;2013;10
ISPMCB-151113-NB-D-5-2-F;Cueva del Biólogo;2013;11
ISPMCB-151113-NB-D-5-3-F;Cueva del Biólogo;2013;12
ISPMCB-151113-NB-I-15-1-F;Cueva del Biólogo;2013;13
ISPMCB-151113-NB-I-15-2-F;Cueva del Biólogo;2013;14
ISPMCB-151113-NB-I-15-3-F;Cueva del Biólogo;2013;15
ISPMCB-151113-NB-I-5-1-F;Cueva del Biólogo;2013;16
ISPMCB-151113-NB-I-5-2-F;Cueva del Biólogo;2013;17
ISPMCB-151113-NB-I-5-3-F;Cueva del Biólogo;2013;18
ISPMCB-151113-UB-D-20-1-F;Cueva del Biólogo;2013;19
ISPMCB-151113-UB-D-20-2-F;Cueva del Biólogo;2013;20
ISPMCB-151113-UB-D-20-3-F;Cueva del Biólogo;2013;21
ISPMCB-151113-UB-I-20-1-F;Cueva del Biólogo;2013;22
ISPMCB-151113-UB-I-20-2-F;Cueva del Biólogo;2013;23
ISPMCB-151113-UB-I-20-3-F;Cueva del Biólogo;2013;24
ISPMLM-151113-FP-I-20-1-F;Los Morritos;2013;1
ISPMLM-151113-FP-I-20-2-F;Los Morritos;2013;2
ISPMLM-151113-FP-I-20-3-F;Los Morritos;2013;3
ISPMLM-151113-SD-D-20-1-F;Los Morritos;2013;4
ISPMLM-151113-SD-D-20-2-F;Los Morritos;2013;5
ISPMLM-151113-SD-D-20-3-F;Los Morritos;2013;6
ISPMLM-201113-FP-D-5-1-F;Los Morritos;2013;7
ISPMLM-201113-FP-D-5-2-F;Los Morritos;2013;8
ISPMLM-201113-FP-D-5-3-F;Los Morritos;2013;9
ISPMLM-201113-FP-I-5-1-F;Los Morritos;2013;10
ISPMLM-201113-FP-I-5-2-F;Los Morritos;2013;11
ISPMLM-201113-FP-I-5-3-F;Los Morritos;2013;12
ISPMLM-201113-LE-D-15-1-F;Los Morritos;2013;13
ISPMLM-201113-LE-D-15-2-F;Los Morritos;2013;14
ISPMLM-201113-LE-D-15-3-F;Los Morritos;2013;15
ISPMLM-201113-LE-I-15-1-F;Los Morritos;2013;16
ISPMLM-201113-LE-I-15-2-F;Los Morritos;2013;17
ISPMLM-201113-LE-I-15-3-F;Los Morritos;2013;18
ISPMLM-201113-NB-D-10-1-F;Los Morritos;2013;19
ISPMLM-201113-NB-D-10-2-F;Los Morritos;2013;20
ISPMLM-201113-NB-D-10-3-F;Los Morritos;2013;21
ISPMLM-201113-NB-I-5-1-F;Los Morritos;2013;22
ISPMLM-201113-NB-I-5-2-F;Los Morritos;2013;23
ISPMLM-201113-NB-I-5-3-F;Los Morritos;2013;24
ISPMPR-151113-DT-D-10-1-F;Punta Rabijunco;2013;1
ISPMPR-151113-DT-D-10-2-F;Punta Rabijunco;2013;2
ISPMPR-151113-DT-D-10-3-F;Punta Rabijunco;2013;3
ISPMPR-151113-DT-I-10-1-F;Punta Rabijunco;2013;4
ISPMPR-151113-DT-I-10-2-F;Punta Rabijunco;2013;5
ISPMPR-151113-DT-I-10-3-F;Punta Rabijunco;2013;6
ISPMPR-151113-NB-D-5-1-F;Punta Rabijunco;2013;7
ISPMPR-151113-NB-D-5-2-F;Punta Rabijunco;2013;8
ISPMPR-151113-NB-D-5-3-F;Punta Rabijunco;2013;9
ISPMPR-151113-NB-I-5-1-F;Punta Rabijunco;2013;10
ISPMPR-151113-NB-I-5-2-F;Punta Rabijunco;2013;11
ISPMPR-151113-NB-I-5-3-F;Punta Rabijunco;2013;12
ISPMPR-151113-UB-D-20-1-F;Punta Rabijunco;2013;13
ISPMPR-151113-UB-D-20-2-F;Punta Rabijunco;2013;14
ISPMPR-151113-UB-D-20-3-F;Punta Rabijunco;2013;15
ISPMPR-151113-UB-I-20-1-F;Punta Rabijunco;2013;16
ISPMPR-151113-UB-I-20-2-F;Punta Rabijunco;2013;17
ISPMPR-151113-UB-I-20-3-F;Punta Rabijunco;2013;18
ISPMPR-161113-NB-D-15-1-F;Punta Rabijunco;2013;19
ISPMPR-161113-NB-D-15-2-F;Punta Rabijunco;2013;20
ISPMPR-161113-NB-D-15-3-F;Punta Rabijunco;2013;21
ISPMPR-161113-NB-I-15-1-F;Punta Rabijunco;2013;22
ISPMPR-161113-NB-I-15-2-F;Punta Rabijunco;2013;23
ISPMPR-161113-NB-I-15-3-F;Punta Rabijunco;2013;24
ISPMAC-271014-DT-D-10-1-F;Arroyo del Cartelón;2014;1
ISPMAC-271014-DT-D-10-2-F;Arroyo del Cartelón;2014;2
ISPMAC-271014-DT-D-10-3-F;Arroyo del Cartelón;2014;3
ISPMAC-271014-DT-D-20-1-F;Arroyo del Cartelón;2014;4
ISPMAC-271014-DT-D-20-2-F;Arroyo del Cartelón;2014;5
ISPMAC-271014-DT-D-20-3-F;Arroyo del Cartelón;2014;6
ISPMAC-271014-DT-I-10-1-F;Arroyo del Cartelón;2014;7
ISPMAC-271014-DT-I-10-2-F;Arroyo del Cartelón;2014;8
ISPMAC-271014-DT-I-10-3-F;Arroyo del Cartelón;2014;9
ISPMAC-271014-DT-I-20-1-F;Arroyo del Cartelón;2014;10
ISPMAC-271014-DT-I-20-2-F;Arroyo del Cartelón;2014;11
ISPMAC-271014-DT-I-20-3-F;Arroyo del Cartelón;2014;12
ISPMAC-271014-NB-D-5-1-F;Arroyo del Cartelón;2014;13
ISPMAC-271014-NB-D-5-2-F;Arroyo del Cartelón;2014;14
ISPMAC-271014-NB-D-5-3-F;Arroyo del Cartelón;2014;15
ISPMAC-271014-NB-I-5-1-F;Arroyo del Cartelón;2014;16
ISPMAC-271014-NB-I-5-2-F;Arroyo del Cartelón;2014;17
ISPMAC-271014-NB-I-5-3-F;Arroyo del Cartelón;2014;18
ISPMBB-271014-DT-I-20-1-F;Barra Baya;2014;1
ISPMBB-271014-DT-I-20-2-F;Barra Baya;2014;2
ISPMBB-271014-DT-I-20-3-F;Barra Baya;2014;3
ISPMBB-271014-NB-D-10-1-F;Barra Baya;2014;4
ISPMBB-271014-NB-D-10-2-F;Barra Baya;2014;5
ISPMBB-271014-NB-D-10-3-F;Barra Baya;2014;6
ISPMBB-271014-NB-I-10-1-F;Barra Baya;2014;7
ISPMBB-271014-NB-I-10-2-F;Barra Baya;2014;8
ISPMBB-271014-NB-I-10-3-F;Barra Baya;2014;9
ISPMBB-271014-SD-D-15-1-F;Barra Baya;2014;10
ISPMBB-271014-SD-D-15-2-F;Barra Baya;2014;11
ISPMBB-271014-SD-D-15-3-F;Barra Baya;2014;12
ISPMBB-271014-SD-I-15-1-F;Barra Baya;2014;13
ISPMBB-271014-SD-I-15-2-F;Barra Baya;2014;14
ISPMBB-271014-SD-I-15-3-F;Barra Baya;2014;15
ISPMBB-271014-UB-D-5-1-F;Barra Baya;2014;16
ISPMBB-271014-UB-D-5-2-F;Barra Baya;2014;17
ISPMBB-271014-UB-D-5-3-F;Barra Baya;2014;18
ISPMBB-271014-UB-I-5-1-F;Barra Baya;2014;19
ISPMBB-271014-UB-I-5-2-F;Barra Baya;2014;20
ISPMBB-271014-UB-I-5-3-F;Barra Baya;2014;21
ISPMCR-281014-DT-D-20-1-F;Cueva de la Reserva;2014;1
ISPMCR-281014-DT-D-20-2-F;Cueva de la Reserva;2014;2
ISPMCR-281014-DT-D-20-3-F;Cueva de la Reserva;2014;3
ISPMCR-281014-DT-I-20-1-F;Cueva de la Reserva;2014;4
ISPMCR-281014-DT-I-20-2-F;Cueva de la Reserva;2014;5
ISPMCR-281014-DT-I-20-3-F;Cueva de la Reserva;2014;6
ISPMCR-281014-NB-D-10-1-F;Cueva de la Reserva;2014;7
ISPMCR-281014-NB-D-10-2-F;Cueva de la Reserva;2014;8
ISPMCR-281014-NB-D-10-3-F;Cueva de la Reserva;2014;9
ISPMCR-281014-NB-I-10-1-F;Cueva de la Reserva;2014;10
ISPMCR-281014-NB-I-10-2-F;Cueva de la Reserva;2014;11
ISPMCR-281014-NB-I-10-3-F;Cueva de la Reserva;2014;12
ISPMCR-281014-SD-D-15-1-F;Cueva de la Reserva;2014;13
ISPMCR-281014-SD-D-15-2-F;Cueva de la Reserva;2014;14
ISPMCR-281014-SD-D-15-3-F;Cueva de la Reserva;2014;15
ISPMCR-281014-SD-I-15-1-F;Cueva de la Reserva;2014;16
ISPMCR-281014-SD-I-15-2-F;Cueva de la Reserva;2014;17
ISPMCR-281014-SD-I-15-3-F;Cueva de la Reserva;2014;18
ISPMCR-281014-UB-I-5-1-F;Cueva de la Reserva;2014;19
ISPMCR-281014-UB-I-5-2-F;Cueva de la Reserva;2014;20
ISPMCR-281014-UB-I-5-3-F;Cueva de la Reserva;2014;21
ISPMCB-271014-DT-D-5-1-F;Cueva del Biólogo;2014;1
ISPMCB-271014-DT-D-5-2-F;Cueva del Biólogo;2014;2
ISPMCB-271014-DT-D-5-3-F;Cueva del Biólogo;2014;3
ISPMCB-271014-DT-I-5-1-F;Cueva del Biólogo;2014;4
ISPMCB-271014-DT-I-5-2-F;Cueva del Biólogo;2014;5
ISPMCB-271014-DT-I-5-3-F;Cueva del Biólogo;2014;6
ISPMCB-271014-NB-D-20-1-F;Cueva del Biólogo;2014;7
ISPMCB-271014-NB-D-20-2-F;Cueva del Biólogo;2014;8
ISPMCB-271014-NB-D-20-3-F;Cueva del Biólogo;2014;9
ISPMCB-271014-NB-I-20-1-F;Cueva del Biólogo;2014;10
ISPMCB-271014-NB-I-20-2-F;Cueva del Biólogo;2014;11
ISPMCB-271014-NB-I-20-3-F;Cueva del Biólogo;2014;12
ISPMCB-271014-SD-D-15-1-F;Cueva del Biólogo;2014;13
ISPMCB-271014-SD-D-15-2-F;Cueva del Biólogo;2014;14
ISPMCB-271014-SD-D-15-3-F;Cueva del Biólogo;2014;15
ISPMCB-271014-SD-I-15-1-F;Cueva del Biólogo;2014;16
ISPMCB-271014-SD-I-15-2-F;Cueva del Biólogo;2014;17
ISPMCB-271014-SD-I-15-3-F;Cueva del Biólogo;2014;18
ISPMCB-271014-UB-D-10-1-F;Cueva del Biólogo;2014;19
ISPMCB-271014-UB-D-10-2-F;Cueva del Biólogo;2014;20
ISPMCB-271014-UB-D-10-3-F;Cueva del Biólogo;2014;21
ISPMCB-271014-UB-I-10-1-F;Cueva del Biólogo;2014;22
ISPMCB-271014-UB-I-10-2-F;Cueva del Biólogo;2014;23
ISPMCB-271014-UB-I-10-3-F;Cueva del Biólogo;2014;24
ISPMLM-271014-DT-D-20-1-F;Los Morritos;2014;1
ISPMLM-271014-DT-D-20-2-F;Los Morritos;2014;2
ISPMLM-271014-DT-D-20-3-F;Los Morritos;2014;3
ISPMLM-271014-DT-I-20-1-F;Los Morritos;2014;4
ISPMLM-271014-DT-I-20-2-F;Los Morritos;2014;5
ISPMLM-271014-DT-I-20-3-F;Los Morritos;2014;6
ISPMLM-271014-NB-D-10-1-F;Los Morritos;2014;7
ISPMLM-271014-NB-D-10-2-F;Los Morritos;2014;8
ISPMLM-271014-NB-D-10-3-F;Los Morritos;2014;9
ISPMLM-271014-NB-I-10-1-F;Los Morritos;2014;10
ISPMLM-271014-NB-I-10-2-F;Los Morritos;2014;11
ISPMLM-271014-NB-I-10-3-F;Los Morritos;2014;12
ISPMLM-271014-SD-D-15-1-F;Los Morritos;2014;13
ISPMLM-271014-SD-D-15-2-F;Los Morritos;2014;14
ISPMLM-271014-SD-D-15-3-F;Los Morritos;2014;15
ISPMLM-271014-SD-I-15-1-F;Los Morritos;2014;16
ISPMLM-271014-SD-I-15-2-F;Los Morritos;2014;17
ISPMLM-271014-SD-I-15-3-F;Los Morritos;2014;18
ISPMLM-271014-UB-D-5-1-F;Los Morritos;2014;19
ISPMLM-271014-UB-D-5-2-F;Los Morritos;2014;20
ISPMLM-271014-UB-D-5-3-F;Los Morritos;2014;21
ISPMLM-271014-UB-I-5-1-F;Los Morritos;2014;22
ISPMLM-271014-UB-I-5-2-F;Los Morritos;2014;23
ISPMLM-271014-UB-I-5-3-F;Los Morritos;2014;24
ISPMPR-281014-DT-D-20-1-F;Punta Rabijunco;2014;1
ISPMPR-281014-DT-D-20-2-F;Punta Rabijunco;2014;2
ISPMPR-281014-DT-D-20-3-F;Punta Rabijunco;2014;3
ISPMPR-281014-DT-I-20-1-F;Punta Rabijunco;2014;4
ISPMPR-281014-DT-I-20-2-F;Punta Rabijunco;2014;5
ISPMPR-281014-DT-I-20-3-F;Punta Rabijunco;2014;6
ISPMPR-281014-NB-D-10-1-F;Punta Rabijunco;2014;7
ISPMPR-281014-NB-D-10-2-F;Punta Rabijunco;2014;8
ISPMPR-281014-NB-D-10-3-F;Punta Rabijunco;2014;9
ISPMPR-281014-NB-I-10-1-F;Punta Rabijunco;2014;10
ISPMPR-281014-NB-I-10-2-F;Punta Rabijunco;2014;11
ISPMPR-281014-NB-I-10-3-F;Punta Rabijunco;2014;12
ISPMPR-281014-SD-D-15-1-F;Punta Rabijunco;2014;13
ISPMPR-281014-SD-D-15-2-F;Punta Rabijunco;2014;14
ISPMPR-281014-SD-D-15-3-F;Punta Rabijunco;2014;15
ISPMPR-281014-SD-I-15-1-F;Punta Rabijunco;2014;16
ISPMPR-281014-SD-I-15-2-F;Punta Rabijunco;2014;17
ISPMPR-281014-SD-I-15-3-F;Punta Rabijunco;2014;18
ISPMPR-281014-UB-D-5-1-F;Punta Rabijunco;2014;19
ISPMPR-281014-UB-D-5-2-F;Punta Rabijunco;2014;20
ISPMPR-281014-UB-D-5-3-F;Punta Rabijunco;2014;21
ISPMPR-281014-UB-I-5-1-F;Punta Rabijunco;2014;22
ISPMPR-281014-UB-I-5-2-F;Punta Rabijunco;2014;23
ISPMPR-281014-UB-I-5-3-F;Punta Rabijunco;2014;24
ISPMAC-091115-DT-D-20-1-F;Arroyo del Cartelón;2015;1
ISPMAC-091115-DT-D-20-2-F;Arroyo del Cartelón;2015;2
ISPMAC-091115-DT-D-20-3-F;Arroyo del Cartelón;2015;3
ISPMAC-091115-DT-I-20-1-F;Arroyo del Cartelón;2015;4
ISPMAC-091115-DT-I-20-2-F;Arroyo del Cartelón;2015;5
ISPMAC-091115-DT-I-20-3-F;Arroyo del Cartelón;2015;6
ISPMAC-091115-RS-D-5-1-F;Arroyo del Cartelón;2015;7
ISPMAC-091115-RS-D-5-2-F;Arroyo del Cartelón;2015;8
ISPMAC-091115-RS-D-5-3-F;Arroyo del Cartelón;2015;9
ISPMAC-091115-RS-I-5-1-F;Arroyo del Cartelón;2015;10
ISPMAC-091115-RS-I-5-2-F;Arroyo del Cartelón;2015;11
ISPMAC-091115-RS-I-5-3-F;Arroyo del Cartelón;2015;12
ISPMAC-091115-SD-D-10-1-F;Arroyo del Cartelón;2015;13
ISPMAC-091115-SD-D-10-2-F;Arroyo del Cartelón;2015;14
ISPMAC-091115-SD-D-10-3-F;Arroyo del Cartelón;2015;15
ISPMAC-091115-SD-D-15-1-F;Arroyo del Cartelón;2015;16
ISPMAC-091115-SD-D-15-2-F;Arroyo del Cartelón;2015;17
ISPMAC-091115-SD-D-15-3-F;Arroyo del Cartelón;2015;18
ISPMAC-091115-SD-I-15-1-F;Arroyo del Cartelón;2015;19
ISPMAC-091115-SD-I-15-2-F;Arroyo del Cartelón;2015;20
ISPMAC-091115-SD-I-15-3-F;Arroyo del Cartelón;2015;21
ISPMBB-081115-SD-D-20-1-F;Barra Baya;2015;1
ISPMBB-081115-SD-D-20-2-F;Barra Baya;2015;2
ISPMBB-081115-SD-D-20-3-F;Barra Baya;2015;3
ISPMBB-081115-SD-D-5-1-F;Barra Baya;2015;4
ISPMBB-081115-SD-D-5-2-F;Barra Baya;2015;5
ISPMBB-081115-SD-D-5-3-F;Barra Baya;2015;6
ISPMBB-081115-SD-I-20-1-F;Barra Baya;2015;7
ISPMBB-081115-SD-I-20-2-F;Barra Baya;2015;8
ISPMBB-081115-SD-I-20-3-F;Barra Baya;2015;9
ISPMBB-081115-SD-I-5-1-F;Barra Baya;2015;10
ISPMBB-081115-SD-I-5-2-F;Barra Baya;2015;11
ISPMBB-081115-SD-I-5-3-F;Barra Baya;2015;12
ISPMBB-081115-UB-D-10-1-F;Barra Baya;2015;13
ISPMBB-081115-UB-D-10-2-F;Barra Baya;2015;14
ISPMBB-081115-UB-D-10-3-F;Barra Baya;2015;15
ISPMBB-081115-UB-D-15-1-F;Barra Baya;2015;16
ISPMBB-081115-UB-D-15-2-F;Barra Baya;2015;17
ISPMBB-081115-UB-D-15-3-F;Barra Baya;2015;18
ISPMBB-081115-UB-I-10-1-F;Barra Baya;2015;19
ISPMBB-081115-UB-I-10-2-F;Barra Baya;2015;20
ISPMBB-081115-UB-I-10-3-F;Barra Baya;2015;21
ISPMBB-081115-UB-I-15-1-F;Barra Baya;2015;22
ISPMBB-081115-UB-I-15-2-F;Barra Baya;2015;23
ISPMBB-081115-UB-I-15-3-F;Barra Baya;2015;24
ISPMCB-081115-SD-D-20-1-F;Cueva del Biólogo;2015;1
ISPMCB-081115-SD-D-20-2-F;Cueva del Biólogo;2015;2
ISPMCB-081115-SD-D-20-3-F;Cueva del Biólogo;2015;3
ISPMCB-081115-SD-D-5-1-F;Cueva del Biólogo;2015;4
ISPMCB-081115-SD-D-5-2-F;Cueva del Biólogo;2015;5
ISPMCB-081115-SD-D-5-3-F;Cueva del Biólogo;2015;6
ISPMCB-081115-SD-I-20-1-F;Cueva del Biólogo;2015;7
ISPMCB-081115-SD-I-20-2-F;Cueva del Biólogo;2015;8
ISPMCB-081115-SD-I-20-3-F;Cueva del Biólogo;2015;9
ISPMCB-081115-SD-I-5-1-F;Cueva del Biólogo;2015;10
ISPMCB-081115-SD-I-5-2-F;Cueva del Biólogo;2015;11
ISPMCB-081115-SD-I-5-3-F;Cueva del Biólogo;2015;12
ISPMCB-081115-UB-D-10-1-F;Cueva del Biólogo;2015;13
ISPMCB-081115-UB-D-10-2-F;Cueva del Biólogo;2015;14
ISPMCB-081115-UB-D-10-3-F;Cueva del Biólogo;2015;15
ISPMCB-081115-UB-D-15-1-F;Cueva del Biólogo;2015;16
ISPMCB-081115-UB-D-15-2-F;Cueva del Biólogo;2015;17
ISPMCB-081115-UB-D-15-3-F;Cueva del Biólogo;2015;18
ISPMCB-081115-UB-I-10-1-F;Cueva del Biólogo;2015;19
ISPMCB-081115-UB-I-10-2-F;Cueva del Biólogo;2015;20
ISPMCB-081115-UB-I-10-3-F;Cueva del Biólogo;2015;21
ISPMCB-081115-UB-I-15-1-F;Cueva del Biólogo;2015;22
ISPMCB-081115-UB-I-15-2-F;Cueva del Biólogo;2015;23
ISPMCB-081115-UB-I-15-3-F;Cueva del Biólogo;2015;24
ISPMLM-081115-RS-I-5-1-F;Los Morritos;2015;1
ISPMLM-081115-RS-I-5-2-F;Los Morritos;2015;2
ISPMLM-081115-RS-I-5-3-F;Los Morritos;2015;3
ISPMLM-101115-DT-D-15-1-F;Los Morritos;2015;4
ISPMLM-101115-DT-D-15-2-F;Los Morritos;2015;5
ISPMLM-101115-DT-D-15-3-F;Los Morritos;2015;6
ISPMLM-101115-DT-D-5-1-F;Los Morritos;2015;7
ISPMLM-101115-DT-D-5-2-F;Los Morritos;2015;8
ISPMLM-101115-DT-D-5-3-F;Los Morritos;2015;9
ISPMLM-101115-DT-I-15-1-F;Los Morritos;2015;10
ISPMLM-101115-DT-I-15-2-F;Los Morritos;2015;11
ISPMLM-101115-DT-I-15-3-F;Los Morritos;2015;12
ISPMLM-101115-G-D-20-1-F;Los Morritos;2015;13
ISPMLM-101115-G-D-20-2-F;Los Morritos;2015;14
ISPMLM-101115-G-D-20-3-F;Los Morritos;2015;15
ISPMLM-101115-SD-D-10-1-F;Los Morritos;2015;16
ISPMLM-101115-SD-D-10-2-F;Los Morritos;2015;17
ISPMLM-101115-SD-D-10-3-F;Los Morritos;2015;18
ISPMLM-101115-SD-I-10-1-F;Los Morritos;2015;19
ISPMLM-101115-SD-I-10-2-F;Los Morritos;2015;20
ISPMLM-101115-SD-I-10-3-F;Los Morritos;2015;21
ISPMLM-101115-SD-I-20-1-F;Los Morritos;2015;22
ISPMLM-101115-SD-I-20-2-F;Los Morritos;2015;23
ISPMLM-101115-SD-I-20-3-F;Los Morritos;2015;24
ISPMPR-091115-SD-D-20-1-F;Punta Rabijunco;2015;1
ISPMPR-091115-SD-D-20-2-F;Punta Rabijunco;2015;2
ISPMPR-091115-SD-D-20-3-F;Punta Rabijunco;2015;3
ISPMPR-091115-SD-D-5-1-F;Punta Rabijunco;2015;4
ISPMPR-091115-SD-D-5-2-F;Punta Rabijunco;2015;5
ISPMPR-091115-SD-D-5-3-F;Punta Rabijunco;2015;6
ISPMPR-091115-SD-I-20-1-F;Punta Rabijunco;2015;7
ISPMPR-091115-SD-I-20-2-F;Punta Rabijunco;2015;8
ISPMPR-091115-SD-I-20-3-F;Punta Rabijunco;2015;9
ISPMPR-091115-SD-I-5-1-F;Punta Rabijunco;2015;10
ISPMPR-091115-SD-I-5-2-F;Punta Rabijunco;2015;11
ISPMPR-091115-SD-I-5-3-F;Punta Rabijunco;2015;12
ISPMPR-091115-UB-D-15-1-F;Punta Rabijunco;2015;13
ISPMPR-091115-UB-D-15-2-F;Punta Rabijunco;2015;14
ISPMPR-091115-UB-D-15-3-F;Punta Rabijunco;2015;15
ISPMPR-091115-UB-I-15-1-F;Punta Rabijunco;2015;16
